"";"name_mi";"type_mi";"name_em";"type_em";"betMI";"betEM";"diff"
"1";"Ramla";"city";"Ramla";"city";0,3341792288463;0,267164378082922;-0,0670148507633773
"2";"Bayt Maqdis";"city";"Bayt Maqdis";"city";0,15248844784486;0,112951606452473;-0,0395368413923872
"3";"Imwas";"settlement";"Imwas";"settlement";0,0399212180895387;0,0273630182642314;-0,0125581998253072
"4";"Karyat al-Inab";"settlement";"Karyat al-Inab";"settlement";0,0262101355957882;0,0208305559258765;-0,00537957966991165
"5";"Ludd";"city";"Ludd";"city";0,390614347397924;0,344520730569257;-0,046093616828667
"6";"Yaffa";"settlement";"Yaffa";"settlement";0,0185592000606015;0,00239968004266098;-0,0161595200179405
"7";"Yibnah";"settlement";"Yibnah";"settlement";0,0559427316112416;0,0388948140247967;-0,0170479175864449
"8";"al-Fudain";"station";"al-Fudain";"station";0,275320051511249;0,232935608585522;-0,0423844429257272
"9";"Adhraat";"settlement";"Adhraat";"settlement";0,0763957275963942;0,0274630049326756;-0,0489327226637186
"10";"Ramtha";"settlement";"Ramtha";"settlement";0,0755245814711007;0,0709905345953873;-0,0045340468757134
"11";"Khirbat as-Samra";"settlement";"Khirbat as-Samra";"settlement";0,269335656389667;0,227936275163312;-0,0413993812263559
"12";"Zarqa";"station";"Zarqa";"station";0,26535868494811;0,248233568857486;-0,0171251160906243
"13";"Ariha";"settlement";"Ariha";"settlement";0,161199909097796;0,189474736701773;0,0282748276039775
"14";"Baysan";"city";"Baysan";"city";0,419740928717521;0,426609785361952;0,00686885664443038
"15";"Fiq";"settlement";"Fiq";"settlement";0,295091280963563;0,283595520597254;-0,0114957603663097
"16";"Khan al-Aqaba";"station";"Khan al-Aqaba";"station";0,320013635330657;0,301693107585655;-0,0183205277450015
"17";"Fasail";"settlement";"Fasail";"settlement";0,125975304901144;0,157479002799627;0,0315036978984828
"18";"Kafr Saba";"settlement";"Kafr Saba";"settlement";0,454738277403227;0,416044527396347;-0,0386937500068799
"19";"Qalansuwa";"settlement";"Qalansuwa";"settlement";0,461631694568593;0,433342221037195;-0,0282894735313982
"20";"Rafah";"settlement";"Rafah";"settlement";0,0148852359669722;0,0136981735768564;-0,00118706239011578
"21";"Gaza";"city";"Gaza";"city";0,0452238466782819;0,0409612051726436;-0,0042626415056383
"22";"Maimas";"settlement";"Maimas";"settlement";0;0;0
"23";"Bureir";"settlement";"Bureir";"settlement";0,01776380577229;0,0123983468870817;-0,00536545888520826
"24";"Sukkariya";"station";"Sukkariya";"station";0,033936822967957;0,0140647913611518;-0,0198720316068051
"25";"Bayt Jibrin";"settlement";"Bayt Jibrin";"settlement";0,114120142413454;0,0777896280495934;-0,0363305143638601
"26";"al-Arish";"settlement";"al-Arish";"settlement";0;0;0
"27";"Bayt Lahm";"settlement";"Bayt Lahm";"settlement";0,0770774941292326;0,0585921877083056;-0,0184853064209271
"28";"Masjid Ibrahim";"settlement";"Masjid Ibrahim";"settlement";0,103477009317476;0,0756232502333022;-0,0278537590841737
"29";"Sughar";"settlement";"Sughar";"settlement";0,0266267706991895;0,0200306625783229;-0,00659610812086656
"30";"Qasr az-Zuweira";"fort";"Qasr az-Zuweira";"fort";0,090599197030528;0,0518930809225437;-0,0387061161079843
"31";"Wayla";"settlement";"Wayla";"settlement";0,0445042042269525;0,0409612051726436;-0,00354299905430885
"32";"Nablus";"settlement";"Nablus";"settlement";0,130065904098174;0,128816157845621;-0,00124974625255378
"33";"Damascus";"city";"Damascus";"city";0,812324823876979;0,841621117184375;0,0292962933073964
"34";"Kiswah";"settlement";"Kiswah";"settlement";0,651541549882585;0,666377816291161;0,0148362664085766
"35";"Jasim";"settlement";"Jasim";"settlement";0,366941898341035;0,408245567257699;0,0413036689166642
"36";"Dayr Ayyub";"settlement";"Dayr Ayyub";"settlement";0,0557912279372775;0,10908545527263;0,0532942273353528
"37";"Tabariyya";"city";"Tabariyya";"city";0,374100446935838;0,377549660045327;0,00344921310948909
"38";"Nawa";"settlement";"Nawa";"settlement";0,0668131202181653;0,113651513131582;0,0468383929134172
"39";"Jisr as-Sinnabra";"bridge";"Jisr as-Sinnabra";"bridge";0,11215059465192;0,0942540994534062;-0,0178964951985141
"40";"Affulah";"settlement";"Affulah";"settlement";0,323763351261268;0,317757632315691;-0,00600571894557683
"41";"Lajjun";"settlement";"Lajjun";"settlement";0,47742595257935;0,453172910278629;-0,0242530423007206
"42";"Saffuriya";"settlement";"Saffuriya";"settlement";0,0670024998106204;0,0582255699240101;-0,00877692988661028
"43";"Safad Castle";"fort";"Safad Castle";"fort";0,024316339671237;0,0178309558725503;-0,0064853837986867
"44";"Jubb Yusuf";"settlement";"Jubb Yusuf";"settlement";0,41489281115067;0,380749233435542;-0,0341435777151285
"45";"Qadas";"settlement";"Qadas";"settlement";0,0107567608514506;0,0124316757765631;0,00167491492511248
"46";"Tayasir";"settlement";"Tayasir";"settlement";0,103211877888039;0,109818690841221;0,00660681295318238
"47";"Ara";"settlement";"Ara";"settlement";0,426520718127415;0,401446473803493;-0,0250742443239217
"48";"Safad";"settlement";"Safad";"settlement";0,03552761154458;0,0283628849486735;-0,00716472659590645
"49";"al-Jib";"settlement";"al-Jib";"settlement";0,029202333156579;0,0401279829356086;0,0109256497790295
"50";"Khirbat Kafr Lut";"settlement";"Khirbat Kafr Lut";"settlement";0,0392015756382092;0,00483268897480336;-0,0343688866634059
"51";"Biddu";"settlement";"Biddu";"settlement";0,0364745095068555;0,0466271163844821;0,0101526068776265
"52";"Jimzu";"settlement";"Jimzu";"settlement";0,0613211120369669;0,0508598853486202;-0,0104612266883467
"53";"Bayt Inan";"settlement";"Bayt Inan";"settlement";0,0296568441784713;0,027163044927343;-0,00249379925112831
"54";"Yalu";"settlement";"Yalu";"settlement";0,0308309976516931;0,0181975736568458;-0,0126334239948473
"55";"Kafr Lam";"settlement";"Kafr Lam";"settlement";0;0;0
"56";"Mirabel";"fort";"Mirabel";"fort";0,0135974547382774;0,00976536461805093;-0,00383209012022648
"57";"Majdal Yaba";"settlement";"Majdal Yaba";"settlement";0,0267782743731535;0,0219304092787628;-0,00484786509439072
"58";"Akka";"city";"Akka";"city";0,340353003560336;0,280729236101853;-0,0596237674584832
"59";"Hisban";"settlement";"Hisban";"settlement";0,0457541095371563;0,0839221437141714;0,0381680341770152
"60";"Bayt ar-Ram";"settlement";"Bayt ar-Ram";"settlement";0,0498447087341868;0,0840221303826156;0,0341774216484288
"61";"Amman";"settlement";"Amman";"settlement";0,113059616695705;0,0172310358618851;-0,0958285808338198
"62";"Jadar";"settlement";"Jadar";"settlement";0,0449965911673358;0,0170643914144781;-0,0279321997528577
"63";"Jarash";"settlement";"Jarash";"settlement";0,0141655935156428;0,0499933342221037;0,035827740706461
"64";"Fihl";"settlement";"Fihl";"settlement";0,016173017195667;0,0264631382482336;0,0102901210525666
"65";"Bayt Ras";"settlement";"Bayt Ras";"settlement";0,0635557912279373;0,0162978269564058;-0,0472579642715315
"66";"Sebastiya";"settlement";"Sebastiya";"settlement";0,0263616392697523;0,0190641247833622;-0,00729751448639008
"67";"Urd";"settlement";"Urd";"settlement";0,0126126808575108;0,0118317557658979;-0,000780925091612913
"68";"Tadmur";"settlement";"Tadmur";"settlement";0,119498522839179;0,110285295293961;-0,00921322754521804
"69";"Qasr al-Hayr al-Gharbi";"fort";"Qasr al-Hayr al-Gharbi";"fort";0,125558669797743;0,121117184375417;-0,00444148542232599
"70";"Jinin";"settlement";"Jinin";"settlement";0,0959775774562533;0,0969537395013998;0,0009761620451465
"71";"Maan";"settlement";"Maan";"settlement";0,0814711006741913;0;-0,0814711006741913
"72";"Adhruh";"settlement";"Adhruh";"settlement";0,0783652753579274;0,0713904812691641;-0,00697479408876332
"73";"Arandal";"settlement";"Arandal";"settlement";0,000492386940383304;0,000366617784295427;-0,000125769156087877
"74";"Khirbet an-Nawaflah";"settlement";"Khirbet an-Nawaflah";"settlement";0,0474585258692523;0,0260965204639381;-0,0213620054053142
"75";"Montreal";"fort";"Montreal";"fort";0,00416635103401257;0;-0,00416635103401257
"76";"Muab";"settlement";"Muab";"settlement";0,139269752291493;0,234235435275297;0,0949656829838036
"77";"Karak";"fort";"Karak";"fort";0;0;0
"78";"Karak";"settlement";"Karak";"settlement";0,0148852359669722;0,0136981735768564;-0,00118706239011578
"79";"Mutah";"settlement";"Mutah";"settlement";0,0977198697068404;0,188574856685775;0,0908549869789348
"80";"Busrah";"settlement";"Busrah";"settlement";0,320316642678585;0,278262898280229;-0,0420537443983556
"81";"Umm al-Walid";"settlement";"Umm al-Walid";"settlement";0,178054692826301;0,191574456739101;0,0135197639128004
"82";"Khirbat at-Tuwanah";"settlement";"Khirbat at-Tuwanah";"settlement";0,0458298613741383;0,129349420077323;0,0835195587031847
"83";"Azraq";"settlement";"Azraq";"settlement";0;0;0
"84";"Qasr Azraq";"fort";"Qasr Azraq";"fort";0,0148852359669722;0,0136981735768564;-0,00118706239011578
"85";"Sur";"city";"Sur";"city";0,358684948109992;0,307858952139715;-0,050825995970277
"86";"as-Subaybah";"fort";"as-Subaybah";"fort";0;0;0
"87";"Banyas";"settlement";"Banyas";"settlement";0,0217407772138474;0,0259632049060125;0,0042224276921651
"88";"Jidru";"settlement";"Jidru";"settlement";0,262858874327702;0,20390614584722;-0,0589527284804821
"89";"az-Zib";"settlement";"az-Zib";"settlement";0,35122339216726;0,286328489534729;-0,0648949026325313
"90";"Jisr Qasimiyya";"bridge";"Jisr Qasimiyya";"bridge";0,353647450950686;0,303792827622984;-0,049854623327702
"91";"Sayda";"city";"Sayda";"city";0,355503370956746;0,303926143180909;-0,0515772277758365
"92";"Suwayda";"settlement";"Suwayda";"settlement";0,00643890614347398;0,00576589788028263;-0,000673008263191351
"93";"Jisr Abu Aswad";"bridge";"Jisr Abu Aswad";"bridge";0,353950458298614;0,3032262365018;-0,050724221796814
"94";"Majdal Salam";"settlement";"Majdal Salam";"settlement";0,0144686008635709;0,0151313158245567;0,000662714960985784
"95";"Jish";"settlement";"Jish";"settlement";0,0140898416786607;0,00769897347020397;-0,00639086820845674
"96";"Chastel Neuf";"fort";"Chastel Neuf";"fort";0,0237860768123627;0,0239968004266098;0,000210723614247083
"97";"Toron";"fort";"Toron";"fort";0,0244678433452011;0,0267630982535662;0,00229525490836507
"98";"Qalaat Salkhad";"fort";"Qalaat Salkhad";"fort";0,00621165063252784;0,0053326223170244;-0,000879028315503442
"99";"Ayn al-Jarr";"settlement";"Ayn al-Jarr";"settlement";0,31641542307401;0,285661911745101;-0,0307535113289089
"100";"Bayrut";"city";"Bayrut";"city";0,369896219983335;0,321157179042794;-0,0487390409405403
"101";"Nahr Bayrut bridge";"bridge";"Nahr Bayrut bridge";"bridge";0,356980531777896;0,31582455672577;-0,0411559750521257
"102";"Jubayl";"city";"Jubayl";"city";0,350276494204984;0,309092121050527;-0,0411843731544579
"103";"Atrabulus";"city";"Atrabulus";"city";0,350693129308386;0,309058792161045;-0,0416343371473405
"104";"Maamaltayn bridge";"bridge";"Maamaltayn bridge";"bridge";0,35455647299447;0,312758298893481;-0,0417981741009892
"105";"Nahr Ibrahim bridge";"bridge";"Nahr Ibrahim bridge";"bridge";0,352965684417847;0,311458472203706;-0,041507212214141
"106";"Nahr Fidar bridge";"bridge";"Nahr Fidar bridge";"bridge";0,351526399515188;0,310258632182376;-0,0412677673328126
"107";"Msaylha bridge";"bridge";"Msaylha bridge";"bridge";0,349291720324218;0,308058925476603;-0,0412327948476147
"108";"Baalbak";"settlement";"Baalbak";"settlement";0,326679796985077;0,284028796160512;-0,042651000824565
"109";"Jusiyah";"settlement";"Jusiyah";"settlement";0,324142110446178;0,337255032662312;0,0131129222161334
"110";"Hims";"city";"Hims";"city";1;1;0
"111";"Tartus";"settlement";"Tartus";"settlement";0,142678584955685;0,155345953872817;0,0126673689171318
"112";"Bulunyas";"settlement";"Bulunyas";"settlement";0,161048405423832;0,137248366884415;-0,0238000385394161
"113";"Qalaat al-Marqab";"fort";"Qalaat al-Marqab";"fort";0,0363987576698735;0,00733235568590855;-0,0290664019839649
"114";"al-Qutayyifah";"settlement";"al-Qutayyifah";"settlement";0,819445496553291;0,858618850819891;0,0391733542665992
"115";"Nabk";"settlement";"Nabk";"settlement";0,654495871524885;0,698773496867084;0,0442776253421998
"116";"Qara";"settlement";"Qara";"settlement";0,651352170290129;0,696840421277163;0,0454882509870336
"117";"Shamsin";"settlement";"Shamsin";"settlement";0,6506325278388;0,638048260231969;-0,0125842676068311
"118";"Sadad";"settlement";"Sadad";"settlement";0;0;0
"119";"Salamiyah";"settlement";"Salamiyah";"settlement";0,118475873039921;0,0651246500466604;-0,0533512229932608
"120";"Jarud";"settlement";"Jarud";"settlement";0,174759487917582;0,180109318757499;0,005349830839917
"121";"Qaryatayn";"settlement";"Qaryatayn";"settlement";0,135482160442391;0,130815891214505;-0,00466626922788599
"122";"Rastan";"settlement";"Rastan";"settlement";0,773539883342171;0,864984668710839;0,0914447853686675
"123";"Hama";"city";"Hama";"city";0,860881751382471;0,860918544194107;3,67928116363769e-05
"124";"Ithriya";"place";"Ithriya";"place";0,103893644420877;0,0555925876549793;-0,0483010567658979
"125";"Qastal";"place";"Qastal";"place";0;0;0
"126";"Rahba";"settlement";"Rahba";"settlement";0,0456783577001742;0,0285628582855619;-0,0171154994146123
"127";"Qalaat ar-Rahba";"fort";"Qalaat ar-Rahba";"fort";0,0448829634118627;0,0301959738701506;-0,0146869895417121
"128";"al-Qasabah";"place";"al-Qasabah";"place";0,0543519430346186;0,0509598720170644;-0,0033920710175542
"129";"Jabalah";"settlement";"Jabalah";"settlement";0,129384137565336;0,110085321957072;-0,0192988156082636
"130";"Ladhiqiya";"city";"Ladhiqiya";"city";0,0430270434058026;0,0376616451139848;-0,00536539829181779
"131";"Rafaniyah";"settlement";"Rafaniyah";"settlement";0,289372017271419;0,178976136515131;-0,110395880756288
"132";"Crac des Chevaliers";"fort";"Crac des Chevaliers";"fort";0;0;0
"133";"Chastel Blanc";"fort";"Chastel Blanc";"fort";0,0186728278160745;0,00153312891614451;-0,01713969889993
"134";"Hisn Masyad";"settlement";"Hisn Masyad";"settlement";0,204795091280964;0,202306359152113;-0,00248873212885051
"135";"Shayzar";"settlement";"Shayzar";"settlement";0,152223316415423;0,164944674043461;0,0127213576280378
"136";"Afamiya";"settlement";"Afamiya";"settlement";0,281834709491705;0,30229302759632;0,0204583181046153
"137";"Tall Mannas";"settlement";"Tall Mannas";"settlement";0;0;0
"138";"Qinnasrin";"settlement";"Qinnasrin";"settlement";0,678547079766684;0,66374483402213;-0,014802245744554
"139";"Kafr Tab";"settlement";"Kafr Tab";"settlement";0,027497916824483;0,695040661245167;0,667542744420684
"140";"Hisn as-Suwaydiya";"settlement";"Hisn as-Suwaydiya";"settlement";0;0;0
"141";"Antakya";"city";"Antakya";"city";0,0528747822134687;0,0479269430742568;-0,00494783913921191
"142";"Kashfahan";"fort";"Kashfahan";"fort";0,0653738353155064;0,0584922010398614;-0,00688163427564505
"143";"al-Jabbul";"settlement";"al-Jabbul";"settlement";0,0945004166351034;0,089188108252233;-0,00531230838287036
"144";"Halab";"city";"Halab";"city";0,762745246572229;0,728102919610719;-0,0346423269615108
"145";"Jisr al-Jadid";"bridge";"Jisr al-Jadid";"bridge";0,035603363381562;0,0340621250499933;-0,00154123833156867
"146";"Raqqah";"city";"Raqqah";"city";0,0359821225664722;0,0285961871750433;-0,00738593539142891
"147";"Qarqisiyya";"settlement";"Qarqisiyya";"settlement";0;0;0
"148";"Siffin";"settlement";"Siffin";"settlement";0,0411332474812514;0,075689908012265;0,0345566605310136
"149";"Khunasira";"settlement";"Khunasira";"settlement";0,0798045602605863;0,0113984802026396;-0,0684060800579467
"150";"Tall Aran";"settlement";"Tall Aran";"settlement";0,155859404590561;0,140547926943074;-0,0153114776474871
"151";"Tall Khalid";"fort";"Tall Khalid";"fort";0,0268540262101356;0,0179976003199573;-0,00885642589017826
"152";"Buzaa";"settlement";"Buzaa";"settlement";0,0904476933565639;0,0811891747766964;-0,00925851857986745
"153";"Manbij";"settlement";"Manbij";"settlement";0,0779865161730172;0,067824290094654;-0,0101622260783631
"154";"al-Atharib";"settlement";"al-Atharib";"settlement";0,11324899628816;0,105485935208639;-0,00776306107952114
"155";"Imm";"settlement";"Imm";"settlement";0,193167184304219;0,17394347420344;-0,0192237101007798
"156";"as-Safira";"settlement";"as-Safira";"settlement";0,0246193470191652;0,0166311158512198;-0,00798823116794538
"157";"Jisr Manbij";"settlement";"Jisr Manbij";"settlement";0,0590864328459965;0,0543927476336488;-0,00469368521234767
"158";"Qurus";"settlement";"Qurus";"settlement";0,0158700098477388;0,0116984402079723;-0,00417156963976654
"159";"Dabiq";"settlement";"Dabiq";"settlement";0,479395500340883;0,465137981602453;-0,0142575187384302
"160";"Azaz";"settlement";"Azaz";"settlement";0,120521172638436;0,124683375549927;0,00416220291149019
"161";"Yaghra";"settlement";"Yaghra";"settlement";0,145595030679494;0,136548460205306;-0,00904657047418803
"162";"Baghras";"settlement";"Baghras";"settlement";0,0415877585031437;0,0373616851086522;-0,00422607339449152
"163";"al-Bab";"settlement";"al-Bab";"settlement";0,115938186501023;0,107052393014265;-0,00888579348675789
"164";"Hisn Baghras";"fort";"Hisn Baghras";"fort";0,0148852359669722;0,0136981735768564;-0,00118706239011578
"165";"Iskandarunah";"settlement";"Iskandarunah";"settlement";0;0;0
"166";"Niqabulus";"settlement";"Niqabulus";"settlement";0,134573138398606;0,125616584455406;-0,00895655394320022
"167";"Marash";"settlement";"Marash";"settlement";0,0738201651390046;0,0666244500733236;-0,00719571506568106
"168";"Haruniyah";"settlement";"Haruniyah";"settlement";0;0;0
"169";"al-Hadath";"settlement";"al-Hadath";"settlement";0,0979850011362776;0,0896213838154913;-0,00836361732078629
"170";"Duluk";"settlement";"Duluk";"settlement";0,487993333838346;0,481502466337822;-0,00649086750052397
"171";"Ayntab";"settlement";"Ayntab";"settlement";0,500795394288312;0,48313558192241;-0,0176598123659012
"172";"Zibatra";"settlement";"Zibatra";"settlement";0,0434436785092038;0,0397280362618318;-0,00371564224737209
"173";"Malatya";"settlement";"Malatya";"settlement";0,0303764866298008;0,0280629249433409;-0,00231356168645988
"174";"Hisn Mansur";"settlement";"Hisn Mansur";"settlement";0,0180289372017271;0,0802226369817358;0,0621936997800086
"175";"Sumaysat";"city";"Sumaysat";"city";0,156882054389819;0,118250899880016;-0,038631154509803
"176";"Bahasna";"settlement";"Bahasna";"settlement";0,0480645405651087;0,0201639781362485;-0,0279005624288602
"177";"Kerar Kale";"fort";"Kerar Kale";"fort";0,00147716082114991;0,00173310225303293;0,000255941431883016
"178";"Raaban";"settlement";"Raaban";"settlement";0,0701462010453753;0,0413611518464205;-0,0287850491989549
"179";"Turush";"settlement";"Turush";"settlement";0,166994924626922;0,215804559392081;0,0488096347651589
"180";"Sanja Bridge";"bridge";"Sanja Bridge";"bridge";0,180819634876146;0,22836955072657;0,047549915850424
"181";"Kaysum";"settlement";"Kaysum";"settlement";0,0589349291720324;0,0297960271963738;-0,0291389019756586
"182";"Akbudak bridge";"bridge";"Akbudak bridge";"bridge";0,209567457010833;0,254832688974803;0,0452652319639709
"183";"al-Marzaban";"settlement";"al-Marzaban";"settlement";0,302628588743277;0,313824823356886;0,0111962346136087
"184";"Qalaat ar-Rum";"fort";"Qalaat ar-Rum";"fort";0,00359821225664722;0,00496600453272897;0,00136779227608175
"185";"Zeugma";"settlement";"Zeugma";"settlement";0,0147716082114991;0,0254966004532729;0,0107249922417738
"186";"al-Birah";"settlement";"al-Birah";"settlement";0,0268540262101356;0,0364618050926543;0,00960777888251872
"187";"Nasibin as-Saghira";"settlement";"Nasibin as-Saghira";"settlement";0,0395803348231195;0,0479936008532196;0,00841326603010011
"188";"Tall Bashir";"settlement";"Tall Bashir";"settlement";0,0863192182410423;0,0775229969337422;-0,00879622130730018
"189";"Kilis";"settlement";"Kilis";"settlement";0,00268919021286266;0,00249966671110519;-0,000189523501757476
"190";"Sarbanda";"fort";"Sarbanda";"fort";0;0;0
"191";"Kukusos";"settlement";"Kukusos";"settlement";0;0;0
"192";"Ablastha";"settlement";"Ablastha";"settlement";0;0;0
"193";"Lykandos";"fort";"Lykandos";"fort";0;0;0
"194";"Karkar";"fort";"Karkar";"fort";0,029088705401106;0,0405612584988668;0,0114725530977608
"195";"Ruha";"city";"Ruha";"city";0;0;0
"196";"Saruj";"settlement";"Saruj";"settlement";0;0;0
"197";"Khan ash-Shahid";"station";"Khan ash-Shahid";"station";0,188091811226422;0,192407678976137;0,00431586774971426
"198";"Khan al-Qusayr";"station";"Khan al-Qusayr";"station";0,77978940989319;0,80965871217171;0,0298693022785206
"199";"Khan al-Arus";"station";"Khan al-Arus";"station";0,65620028785698;0,701406479136115;0,0452061912791347
"200";"Khan Tuman";"station";"Khan Tuman";"station";0,619725778350125;0,59125449940008;-0,028471278950045
"201";"Khan Qara";"station";"Khan Qara";"station";0,652905082948262;0,697740301293161;0,0448352183448993
"202";"Khan Atni";"station";"Khan Atni";"station";0,161465040527233;0,167744300759899;0,0062792602326659
"203";"Jisr al-Majami";"bridge";"Jisr al-Majami";"bridge";0,356601772592985;0,321023863484869;-0,0355779091081167
"204";"al-Funaydiq";"station";"al-Funaydiq";"station";0,655253389894705;0;-0,655253389894705
"205";"Khan Qaryat al-Inab";"station";"Khan Qaryat al-Inab";"station";0,0217029012953564;0,0153979469404079;-0,00630495435494847
"206";"Khan al-Bab";"station";"Khan al-Bab";"station";0,100484811756685;0,101986401813092;0,00150159005640649
"207";"Khan Bayt Jibrin";"station";"Khan Bayt Jibrin";"station";0,0478372850541626;0,0270297293694174;-0,0208075556847452
"208";"Jaljuliyah";"settlement";"Jaljuliyah";"settlement";0,445799560639346;0,412844954006133;-0,032954606633213
"209";"Khan al-Aqaba";"station";"Khan al-Aqaba";"station";0,0148852359669722;0,0136981735768564;-0,00118706239011578
"210";"Khan Qalaat an-Najm";"station";"Khan Qalaat an-Najm";"station";0,0297325960154534;0,0273630182642314;-0,00236957775122194
"211";"Khan Qinnasrin";"station";"Khan Qinnasrin";"station";0,626997954700402;0,598286895080656;-0,0287110596197456
"212";"Ruhin";"sanctuary";"Ruhin";"sanctuary";0;0;0
"213";"Sala";"station";"Sala";"station";0,00806757063858799;0,00759898680175977;-0,00046858383682822
"214";"Ziza";"settlement";"Ziza";"settlement";0,296492689947731;0,199606719104119;-0,0968859708436118
"215";"Sanamayn";"settlement";"Sanamayn";"settlement";0,652942958866752;0,267097720303959;-0,385845238562793
"216";"Khan Sanamayn";"station";"Khan Sanamayn";"station";0,649306870691614;0,26306492467671;-0,386241946014905
"217";"Khan Zuraa";"station";"Khan Zuraa";"station";0,28535716991137;0,251833088921477;-0,0335240809898932
"218";"ath-Thaniyah";"place";"ath-Thaniyah";"place";0,132603590637073;0,225003332888948;0,0923997422518752
"219";"Salt";"fort";"Salt";"fort";0,0756003333080827;0,0212638314891348;-0,0543365018189479
"220";"Ajlun";"fort";"Ajlun";"fort";0;0;0
"221";"Salt";"settlement";"Salt";"settlement";0,0684039087947883;0,0294627383015598;-0,0389411704932285
"222";"Ajlun";"settlement";"Ajlun";"settlement";0,0215892735398833;0,0305625916544461;0,00897331811456273
"223";"Irbid";"settlement";"Irbid";"settlement";0,014620104537535;0,0848886815091321;0,0702685769715971
"224";"Marqiya";"settlement";"Marqiya";"settlement";0,127755473070222;0,132915611251833;0,00516013818161115
"225";"Qalaat al-Qadmus";"fort";"Qalaat al-Qadmus";"fort";0,0359063707294902;0,0252966271163845;-0,0106097436131057
"226";"Qalaat Bani Israil";"fort";"Qalaat Bani Israil";"fort";0,00155291265813196;0;-0,00155291265813196
"227";"Menikos";"fort";"Menikos";"fort";0,0017801681690781;0,00349953339554726;0,00171936522646916
"228";"Hisn Abi Qubays";"fort";"Hisn Abi Qubays";"fort";0,0103022498295584;0,0117317690974537;0,00142951926789531
"229";"Qalaat Burzayh";"fort";"Qalaat Burzayh";"fort";0,00916597227482766;0,0113651513131582;0,00219917903833058
"230";"Qalaat Najm";"fort";"Qalaat Najm";"fort";0,0444284523899705;0,0408945473936808;-0,00353390499628962
"231";"Trapesac";"fort";"Trapesac";"fort";0,15135217029013;0,140981202506332;-0,0103709677837971
"232";"ar-Rawandan";"fort";"ar-Rawandan";"fort";0,00496174532232407;0,00176643114251433;-0,00319531417980974
"233";"Sunyab";"settlement";"Sunyab";"settlement";0;0;0
"234";"Arsha wa-Qaybar";"fort";"Arsha wa-Qaybar";"fort";0,0820013635330657;0,091421143847487;0,00941978031442132
"235";"Maarat Numan";"settlement";"Maarat Numan";"settlement";0,0223846678281948;0,690407945607252;0,668023277779058
"236";"Qalaat Maarat Numan";"fort";"Qalaat Maarat Numan";"fort";0;0,685708572190375;0,685708572190375
"237";"Sawwaran";"settlement";"Sawwaran";"settlement";0,700477236572987;0,68750833222237;-0,0129689043506165
"238";"Harim";"settlement";"Harim";"settlement";0,193167184304219;0,189608052259699;-0,00355913204452066
"239";"Salqin";"fort";"Salqin";"fort";0,197788046360124;0,193940807892281;-0,00384723846784321
"240";"Qaqun";"settlement";"Qaqun";"settlement";0,476782061965003;0,454106119184109;-0,0226759427808939
"241";"al-Haddar";"bridge";"al-Haddar";"bridge";0,00795394288311491;0,011098520197307;0,00314457731419211
"242";"Hisn al-Ullayqa";"fort";"Hisn al-Ullayqa";"fort";0;0;0
"243";"Qalaat al-Kahf";"fort";"Qalaat al-Kahf";"fort";0;0,00013331555792561;0,00013331555792561
"244";"Hisn al-Khawabi";"fort";"Hisn al-Khawabi";"fort";0,000568138777365351;0,011098520197307;0,0105303814199417
"245";"al-Kakhta";"fort";"al-Kakhta";"fort";0,0295432164229983;0,0416277829622717;0,0120845665392734
"246";"as-Sammuqa";"settlement";"as-Sammuqa";"settlement";0,489053859556094;0,474036795093987;-0,0150170644621068
"247";"Balatunus";"fort";"Balatunus";"fort";0;0;0
"248";"Sahyun";"fort";"Sahyun";"fort";0,000606014695856374;0,00433275563258232;0,00372674093672595
"249";"Bughaydid";"settlement";"Bughaydid";"settlement";0,103211877888039;0,0599586721770431;-0,0432532057109957
"250";"Dawsra";"fort";"Dawsra";"fort";0,040527232785395;0,0353952806292494;-0,00513195215614561
"251";"al-Kawathil";"place";"al-Kawathil";"place";0;0,0376616451139848;0,0376616451139848
"252";"Sukhna";"settlement";"Sukhna";"settlement";0,112036966896447;0,102119717371017;-0,00991724952543004
"253";"Arak";"settlement";"Arak";"settlement";0,114877660783274;0,105852552992934;-0,00902510779033971
"254";"Julayjil";"station";"Julayjil";"station";0,148284220892357;0,15541261165178;0,00712839075942315
"255";"Karak Nuh";"settlement";"Karak Nuh";"settlement";0,308688735701841;0,269297427009732;-0,0393913086921087
"256";"az-Zabadani";"settlement";"az-Zabadani";"settlement";0,012915688205439;0,0100653246233835;-0,00285036358205543
"257";"Zibdul";"station";"Zibdul";"station";0,327058556169987;0,287894947340355;-0,0391636088296325
"258";"Naaran";"settlement";"Naaran";"settlement";0,0834785243542156;0,094487401679776;0,0110088773255604
"259";"Fahmah";"settlement";"Fahmah";"settlement";0,0412847511552155;0,0506265831222504;0,00934183196703485
"260";"Nayn";"settlement";"Nayn";"settlement";0,26350276494205;0,255065991201173;-0,00843677374087665
"261";"at-Tayibah";"settlement";"at-Tayibah";"settlement";0;0;0
"262";"Zirin";"settlement";"Zirin";"settlement";0,0569275054920082;0,072457005732569;0,0155295002405608
"263";"al-Jitin";"station";"al-Jitin";"station";0;0,0733902146380483;0,0733902146380483
"264";"al-Burj al-Abyad";"station";"al-Burj al-Abyad";"station";0;0,0335955205972537;0,0335955205972537
"265";"Qarawat at-Tahta";"settlement";"Qarawat at-Tahta";"settlement";0,211650632527839;0,189574723370217;-0,0220759091576215
"266";"Luban";"settlement";"Luban";"settlement";0,0175365502613438;0,0138648180242634;-0,00367173223708041
"267";"Rantis";"settlement";"Rantis";"settlement";0,0164002727066131;0,0119317424343421;-0,00446853027227105
"268";"Nebi Samwil";"sanctuary";"Nebi Samwil";"sanctuary";0,0402621013559579;0,0211638448206906;-0,0190982565352673
"269";"Miliya";"fort";"Miliya";"fort";0,00806757063858799;0,00159978669510732;-0,00646778394348067
"270";"an-Nasra";"settlement";"an-Nasra";"settlement";0,0498447087341868;0,0490601253166245;-0,000784583417562351
"271";"Sarmin";"settlement";"Sarmin";"settlement";0,017801681690781;0;-0,017801681690781
"272";"Tall Aqibrin";"settlement";"Tall Aqibrin";"settlement";0,147905461707446;0,141514464738035;-0,00639099696941148
"273";"Killa";"settlement";"Killa";"settlement";0,118741004469358;0,130682575656579;0,0119415711872207
"274";"al-Uwwamiya";"settlement";"al-Uwwamiya";"settlement";0,123740625710173;0,106352486335155;-0,0173881393750182
"275";"Tall Habash";"settlement";"Tall Habash";"settlement";0,549200818119839;0,53849486735102;-0,0107059507688196
"276";"Arzuniyya";"settlement";"Arzuniyya";"settlement";0,206613135368533;0,149846687108386;-0,0567664482601471
"277";"Magna Mahomeria";"settlement";"Magna Mahomeria";"settlement";0,0763578516779032;0,0651579789361418;-0,0111998727417613
"278";"Hittin";"station";"Hittin";"station";0,0317400196954776;0,00623250233302226;-0,0255075173624554
"279";"Tall Ada";"settlement";"Tall Ada";"settlement";0,0982122566472237;0,132582322357019;0,0343700657097954
"280";"Capernaum";"settlement";"Khirbat al-Minya";"fort";0;0,354986001866418;0,354986001866418
"281";"Sinnabra";"settlement";"Umm al-Qanatir";"bridge";0,0450344670858268;0;-0,0450344670858268
"282";"node_49";"node";"Khan Maysalun";"station";0,0435194303461859;0,0397946940407946;-0,00372473630539134
"283";"node_73";"node";"Khan Jinin";"station";0,0868873570184077;0,0880549260098654;0,00116756899145766
"284";"Isdud";"settlement";"Khan Isdud";"station";0,0445042042269525;0,013664844687375;-0,0308393595395775
"285";"Umm ar-Rasas";"settlement";"Lahun";"settlement";0,165214756457844;0,25689908012265;0,0916843236648062
"286";"node_77";"node";"al-Awja";"station";0,420574198924324;0,375383282229036;-0,0451909166952878
"287";"Asqalan";"city";"al-Majdal";"settlement";0;0,00239968004266098;0,00239968004266098
"288";"Balis";"settlement";"Balis";"station";0,139951518824331;0,0847553659512065;-0,055196152873125
"289";"node_3";"node";"node_1";"node";0;0;0
"290";"node_4";"node";"node_2";"node";0;0;0
"291";"node_7";"node";"node_3";"node";0,0157185061737747;0,0279629382748967;0,012244432101122
"292";"node_5";"node";"node_4";"node";0;0;0
"293";"node_6";"node";"node_5";"node";0,0150746155594273;0,0136981735768564;-0,0013764419825709
"294";"node_8";"node";"node_9";"node";0,0438981895310961;0,0545927209705373;0,0106945314394411
"295";"node_10";"node";"node_10";"node";0,00458298613741383;0,0676243167577656;0,0630413306203518
"296";"node_9";"node";"node_11";"node";0,0585561699871222;0,00213304892680976;-0,0564231210603124
"297";"node_11";"node";"node_12";"node";0,0297325960154534;0,0273630182642314;-0,00236957775122194
"298";"node_12";"node";"node_13";"node";0,0579122793727748;0,0529262764964671;-0,00498600287630765
"299";"node_13";"node";"node_14";"node";0,0716612377850163;0,0656579122783629;-0,0060033255066534
"300";"node_14";"node";"node_15";"node";0,00587076736610863;0,00579922676976403;-7,15405963445971e-05
"301";"node_20";"node";"node_16";"node";0,0297325960154534;0,0273630182642314;-0,00236957775122194
"302";"node_2";"node";"node_17";"node";0,0766229831073404;0,0707572323690175;-0,00586575073832289
"303";"node_15";"node";"node_18";"node";0,113703507310052;0,103452872950273;-0,010250634359779
"304";"node_16";"node";"node_19";"node";0,148208469055375;0,133582189041461;-0,0146262800139135
"305";"node_17";"node";"node_20";"node";0,14953412620256;0,135681909078789;-0,0138522171237709
"306";"node_19";"node";"node_21";"node";0,217672903567912;0,261431809092121;0,0437589055242095
"307";"node_18";"node";"node_22";"node";0,196954776153322;0,24310091987735;0,046146143724028
"308";"node_1";"node";"node_23";"node";0;0;0
"309";"node_22";"node";"node_24";"node";0,0935535186728278;0,0877882948940141;-0,00576522377881368
"310";"node_24";"node";"node_25";"node";0;0;0
"311";"node_23";"node";"node_26";"node";0,115332171805166;0,1078856152513;-0,00744655655386645
"312";"node_21";"node";"node_27";"node";0,168623589122036;0,153579522730303;-0,0150440663917336
"313";"node_25";"node";"node_28";"node";0,0196197257783501;0,0154979336088522;-0,00412179216949797
"314";"Ayn Dara";"settlement";"node_29";"node";0,0985152639951519;0,107852286361818;0,00933702236666654
"315";"node_33";"node";"node_30";"node";0,173509582607378;0,164411411811758;-0,00909817079561978
"316";"node_32";"node";"node_31";"node";0,205060222710401;0,200439941341155;-0,00462028136924622
"317";"node_34";"node";"node_32";"node";0,0345428376638133;0,029729369417411;-0,00481346824640233
"318";"node_31";"node";"node_33";"node";0,107150973411105;0,101486468470871;-0,00566450494023467
"319";"node_26";"node";"node_34";"node";0,54957957730475;0,526063191574457;-0,0235163857302929
"320";"node_27";"node";"node_35";"node";0;0;0
"321";"node_28";"node";"node_36";"node";0;0;0
"322";"node_44";"node";"node_37";"node";0,0581016589652299;0,0642247700306626;0,00612311106543268
"323";"node_45";"node";"node_38";"node";0,0434058025907128;0,0364951339821357;-0,00691066860857711
"324";"node_37";"node";"node_39";"node";0,334217104764791;0,342787628316225;0,00857052355143395
"325";"node_35";"node";"node_40";"node";0,101734717066889;0,0872217037728303;-0,0145130132940586
"326";"node_36";"node";"node_41";"node";0,109385652602076;0,0934542061058525;-0,0159314464962231
"327";"node_39";"node";"node_42";"node";0,175213998939474;0,173343554192774;-0,00187044474669998
"328";"node_38";"node";"node_43";"node";0,0338231952124839;0,701606452473004;0,66778325726052
"329";"node_48";"node";"node_44";"node";0,0737822892205136;0,0647913611518464;-0,00899092806866718
"330";"node_46";"node";"node_45";"node";0,0271949094765548;0,024096787095054;-0,00309812238150081
"331";"node_47";"node";"node_46";"node";0,0317400196954776;0,0270297293694174;-0,0047102903260602
"332";"node_40";"node";"node_47";"node";0,241421104461783;0,128149580055993;-0,113271524405791
"333";"node_88";"node";"node_48";"node";0,138739489432619;0,152846287161712;0,014106797729093
"334";"node_41";"node";"node_50";"node";0,154988258465268;0,163311558458872;0,00832329999360437
"335";"node_42";"node";"node_51";"node";0,146466176804788;0,168877483002266;0,0224113061974789
"336";"node_43";"node";"node_53";"node";0,0418528899325809;0,136515131315825;0,0946622413832437
"337";"Arqa";"settlement";"node_55";"node";0,350352246041967;0,310158645513931;-0,0401936005280351
"338";"node_50";"node";"node_56";"node";0,314407999393985;0,26783095587255;-0,0465770435214349
"339";"node_52";"node";"node_57";"node";0,329671994545868;0,299126783095587;-0,0305452114502805
"340";"node_51";"node";"node_58";"node";0,104954170138626;0,1202506332489;0,0152964631102743
"341";"node_54";"node";"node_59";"node";0,320240890841603;0,287961605119317;-0,0322792857222855
"342";"node_55";"node";"node_60";"node";0,400689341716537;0,377483002266364;-0,0232063394501721
"343";"node_58";"node";"node_62";"node";0,0926066207105522;0,0861885081989068;-0,00641811251164541
"344";"node_72";"node";"node_63";"node";0,277630482539202;0,254366084522064;-0,0232643980171379
"345";"node_59";"node";"node_64";"node";0,318953109612908;0,28516197840288;-0,0337911312100285
"346";"node_60";"node";"node_65";"node";0,0246950988561473;0,0233635515264631;-0,00133154732968413
"347";"node_75";"node";"node_67";"node";0,105295053405045;0,112085055325957;0,00679000192091148
"348";"node_74";"node";"node_68";"node";0,0346185895007954;0,0255632582322357;-0,0090553312685597
"349";"node_76";"node";"node_69";"node";0,0973032346034391;0,0983535528596187;0,00105031825617959
"350";"node_78";"node";"node_70";"node";0,00700704492083933;0,00413278229569391;-0,00287426262514542
"351";"Bayt SIra";"settlement";"node_72";"node";0,0298083478524354;0,0314624716704439;0,00165412381800852
"352";"Khirbat al-Hawanit";"settlement";"node_73";"node";0,0229528066055602;0,0610251966404479;0,0380723900348878
"353";"node_86";"node";"node_74";"node";0,26278312249072;0,232002399680043;-0,0307807228106777
"354";"node_61";"node";"node_75";"node";0;0;0
"355";"node_65";"node";"node_76";"node";0,104575410953716;0,18654179442741;0,081966383473694
"356";"node_66";"node";"node_77";"node";0,0740474206499508;0,155512598320224;0,0814651776702732
"357";"node_67";"node";"node_78";"node";0,0327626694947352;0,117084388748167;0,0843217192534317
"358";"node_69";"node";"node_79";"node";0,0590864328459965;0,0543927476336488;-0,00469368521234767
"359";"node_68";"node";"node_80";"node";0,0790470418907658;0,0476603119584055;-0,0313867299323603
"360";"node_70";"node";"node_81";"node";0;0;0
"361";"node_71";"node";"node_82";"node";0;0;0
"362";"Qaluniya";"settlement";"node_83";"node";0,0349594727672146;0,0149313424876683;-0,0200281302795463
"363";"node_84";"node";"node_84";"node";0,0774941292326339;0,0696240501266498;-0,00787007910598411
"364";"node_81";"node";"node_85";"node";0,0651465798045603;0,0470603919477403;-0,01808618785682
"365";"Balda";"settlement";"node_86";"node";0,138625861677146;0,120617251033196;-0,0180086106439501
"366";"node_87";"node";"node_87";"node";0,151806681312022;0,125849886681776;-0,0259567946302461
"367";"Qinnasrin";"city";"node_88";"node";0;0,66467804292761;0,66467804292761
