"";"name_roman";"type_roman";"name_ei";"type_ei";"betRom";"betEI";"diff"
"1";"Jerusalem";"city";"Bayt Maqdis";"city";0,321142339986927;0,209347565841979;-0,111794774144948
"2";"Emmaus-Nicopolis";"city";"Imwas";"settlement";0,0212378701794962;0,0504289704708699;0,0291911002913737
"3";"Kiriath Yearim";"settlement";"Karyat al-Inab";"settlement";0,00962340992508422;0,0451416600159617;0,0355182500908775
"4";"Lydda-Diospolis";"city";"Ludd";"city";0,301955854995223;0,429519154030327;0,127563299035104
"5";"Ioppe";"city";"Yaffa";"settlement";0,0640856754990196;0,0464385474860335;-0,017647128012986
"6";"Iamneia";"settlement";"Yibnah";"settlement";0,178289506762532;0,15018954509178;-0,0280999616707523
"7";"el-Fedein";"settlement";"al-Fudain";"station";0,00293629644527126;0,28840782122905;0,285471524783779
"8";"Adraha";"city";"Adhraat";"settlement";0,0803358640454523;0,359537110933759;0,279201246888307
"9";"Ramtha East";"node";"Ramtha";"settlement";0,055679018552969;0,0759676775738228;0,0202886590208538
"10";"Hatita";"settlement";"Khirbat as-Samra";"settlement";0,280295640806476;0,281474461292897;0,00117882048642109
"11";"Gadda";"fort";"Zarqa";"station";0,276343707577053;0,275688347964884;-0,000655359612168338
"12";"Jericho";"settlement";"Ariha";"settlement";0,339745588013475;0,433709098164405;0,0939635101509307
"13";"Maledomnei";"fort";"Khan Hathrura";"station";0,286409573130876;0,193435754189944;-0,0929738189409322
"14";"Nysa-Scythopolis";"city";"Baysan";"city";0,651435466840967;0,471717877094972;-0,179717589745995
"15";"Apheka";"settlement";"Fiq";"settlement";0,547971240384132;0,343276137270551;-0,204695103113581
"16";"Phasaelis";"settlement";"Fasail";"settlement";0,270119161345467;0,347665602553871;0,0775464412084034
"17";"Kafr Saba";"settlement";"Kafr Saba";"settlement";0,308562521997084;0,398643256185156;0,0900807341880718
"18";"Azotos Paralios";"settlement";"Mahuz Azdud";"fort";0;0;0
"19";"Azotos";"city";"Isdud";"settlement";0,168334255115893;0,139016360734238;-0,0293178943816554
"20";"Iamneia Paralios";"settlement";"Mahuz Yubna";"fort";0;0;0
"21";"Beth Ther";"station";"Qalansuwa";"settlement";0,306340188043642;0,402883080606544;0,0965428925629021
"22";"Raphia";"city";"Rafah";"settlement";0,0200211172004626;0,0172585794094174;-0,00276253779104517
"23";"Gaza";"city";"Gaza";"city";0,159686258735985;0,0752693535514765;-0,0844169051845083
"24";"Gazaion Limen";"settlement";"Maimas";"settlement";0;0;0
"25";"Agla";"settlement";"Sukkariya";"station";0,00620443461209714;0,108489624900239;0,102285190288142
"26";"Beth Govrin-Eleutheropolis";"city";"Bayt Jibrin";"settlement";0,103434059027603;0,051975259377494;-0,0514587996501092
"27";"Rhinocolura";"settlement";"al-Arish";"settlement";0,00729046206445774;0;-0,00729046206445774
"28";"Ascalon";"city";"Asqalan";"city";0,159615868067776;0;-0,159615868067776
"29";"Bethlehem";"settlement";"Bayt Lahm";"settlement";0,287515712202725;0,113527533918595;-0,17398817828413
"30";"Hebron";"settlement";"Masjid Ibrahim";"settlement";0,304741314294334;0,109586991221069;-0,195154323073264
"31";"Zoara";"settlement";"Sughar";"settlement";0,0505304439640002;0,0205506783719074;-0,0299797655920928
"32";"Tzukim";"node";"Ayn Ghamr";"station";0,0802956408064759;0,0838487629688747;0,00355312216239875
"33";"Arieldela";"settlement";"Ayn Gharandal";"station";0,00985469354919805;0,0663906624102155;0,0565359688610174
"34";"Ossia-Ad Dianam";"fort";"Ayn Ghadhian";"station";0,0295138015988737;0,0498802873104549;0,0203664857115812
"35";"Aila-Aelana";"settlement";"Wayla";"settlement";0,0150334355673991;0,0351656025538707;0,0201321669864716
"36";"Apollonia-Sozousa";"city";"Arsuf";"settlement";0,0696565940972397;0,0555666400638468;-0,0140899540333929
"37";"Caesarea Maritima";"city";"Qaysariyyah";"city";0,1859017547388;0,0664904229848364;-0,119411331753964
"38";"Neapolis 1";"city";"Nablus";"settlement";0,124400422344009;0,10195530726257;-0,0224451150814394
"39";"Damascus";"city";"Damascus";"city";1;0,914156025538707;-0,0858439744612929
"40";"Kisweh";"node";"Kiswah";"settlement";0,694222937302026;0,675728252194733;-0,0184946851072936
"41";"Gasima";"settlement";"Jasim";"settlement";0,063894615113882;0,6655526735834;0,601658058469518
"42";"Karnaia-Astaroth";"settlement";"Dayr Ayyub";"settlement";0,0761526471919151;0,674930167597765;0,59877752040585
"43";"Hippos";"city";"Susiya";"settlement";0,551893006184323;0,00628491620111732;-0,545608089983206
"44";"Tiberias";"city";"Tabariyya";"city";0,0677962692945849;0,465383080606544;0,397586811311959
"45";"Philoteria";"settlement";"Sinnabra";"settlement";0,040524913268641;0,0456404628890662;0,00511554962042528
"46";"Neue";"settlement";"Nawa";"settlement";0,0730454019809945;0,672585794094174;0,599540392113179
"47";"Sobata";"settlement";"Isbeita";"settlement";0,00578209060284579;0,0184058260175579;0,0126237354147121
"48";"Elousa";"city";"Halusah";"settlement";0,0671024184222434;0,0256384676775738;-0,0414639507446696
"49";"Eboda";"settlement";"Avdat";"settlement";0,0186434712655237;0,00842976855546688;-0,0102137027100568
"50";"Gerar";"settlement";"Khirbat Futeis";"settlement";0,00756196892754789;0,0924780526735834;0,0849160837460355
"51";"Berosaba";"settlement";"Bir Saba";"settlement";0,0533460706923425;0,0380586592178771;-0,0152874114744654
"52";"Mampsis";"settlement";"Mamshit";"settlement";0,176207954145508;0,0470869912210694;-0,129120962924438
"53";"Nessana";"settlement";"Auja";"settlement";0,0790487203982101;0,0336193136472466;-0,0454294067509635
"54";"Betomolachon";"settlement";"Ruheibe";"settlement";0,0128915480919101;0,0499301675977654;0,0370386195058553
"55";"Dora";"city";"Kafr Lam";"fort";0,175765498516768;0,0667398244213887;-0,109025674095379
"56";"Legio";"fort";"Lajjun";"settlement";0,0998340791392227;0,492767358339984;0,392933279200761
"57";"Sepphoris-Diocaesarea";"city";"Saffuriya";"settlement";0,0327819397656996;0,0109736632083001;-0,0218082765573996
"58";"Gabitha";"settlement";"Jabiyah";"fort";0,0638242244456735;0,665003990422985;0,601179765977311
"59";"Kefar Nahum";"settlement";"Capernaum";"settlement";0,0417114988184424;0,00703312051077414;-0,0346783783076682
"60";"Gennesar";"settlement";"Khirbat al-Minya";"fort";0,0676353763386797;0,455207501995211;0,387572125656532
"61";"Khan Jubb Yusuf";"node";"Jubb Yusuf";"settlement";0,0609281512393786;0,467328411811652;0,406400260572273
"62";"Kadasa";"settlement";"Qadas";"settlement";0,00373070541505355;0,0125199521149242;0,00878924669987063
"63";"Aser 2";"station";"Tayasir";"settlement";0,0930665191814571;0,0842976855546688;-0,00876883362678829
"64";"Sycamina";"settlement";"al-Kanisa";"settlement";0,179828045653376;0,0723762968874701;-0,107451748765906
"65";"Khirbet Ara";"settlement";"Ara";"settlement";0,0330232791995575;0,431514365522745;0,398491086323188
"66";"Gabaon";"settlement";"al-Jib";"settlement";0,0333450651113681;0,0117218675179569;-0,0216231975934112
"67";"Beth Thamar";"settlement";"Khirbat al-Hawanit";"settlement";0,0632409874805169;0,0242418196328811;-0,0389991678476358
"68";"Caphar Ruta";"settlement";"Khirbat Kafr Lut";"settlement";0,0131429433355121;0,0198523543495611;0,00670941101404896
"69";"Gamzo";"settlement";"Jimzu";"settlement";0,0189652571773342;0,0254888268156425;0,00652356963830825
"70";"Beit Sira";"site";"Bayt SIra";"settlement";0,00455528181406808;0,0155127693535515;0,0109574875394834
"71";"Aialon";"settlement";"Yalu";"settlement";0,00761224797626829;0,0395051875498803;0,031892939573612
"72";"Khirbet Zikhrin";"settlement";"Majdal Yaba";"settlement";0,00836643370707426;0;-0,00836643370707426
"73";"Ptolemais-Ake";"city";"Akka";"city";0,259339333299814;0,271697924980048;0,012358591680234
"74";"Esbous";"settlement";"Hisban";"settlement";0,297229624415506;0,249052274541101;-0,0481773498744047
"75";"Livias";"settlement";"Bayt ar-Ram";"settlement";0,102720096535774;0,155975658419792;0,0532555618840189
"76";"Amman-Philadelpheia";"city";"Amman";"settlement";0,302348031575243;0,297535913806864;-0,00481211776837909
"77";"Gadara";"city";"Jadar";"settlement";0,0584946452813113;0,0668395849960096;0,0083449397146983
"78";"Gerasa-Antiochia ad Chrysorhoam";"city";"Jarash";"settlement";0,0221227814369752;0,0331205107741421;0,0109977293371668
"79";"Pella";"city";"Fihl";"settlement";0,0359092965961084;0,0162609736632083;-0,0196483229329001
"80";"Kapitolias";"city";"Bayt Ras";"settlement";0,057700236311529;0,068635275339186;0,010935039027657
"81";"Samaria-Sebaste";"city";"Sebastiya";"settlement";0,0301070943737744;0,0132182761372706;-0,0168888182365039
"82";"Abila";"city";"Abil";"settlement";0,00591281612951883;0;-0,00591281612951883
"83";"Qasr al-Hayr al-Sharqi";"fort";"Qasr al-Hayr ash-Sharqi";"fort";0,0211574237015436;0,078511572226656;0,0573541485251125
"84";"Palmyra";"city";"Tadmur";"settlement";0,116516667504651;0,141959297685555;0,0254426301809039
"85";"Heliaramia";"fort";"Qasr al-Hayr al-Gharbi";"fort";0,107013927296496;0,256733838786911;0,149719911490416
"86";"Ginai";"settlement";"Jinin";"settlement";0,223550706420635;0;-0,223550706420635
"87";"Humayma";"fort";"Humayma";"settlement";0,0135954547739957;0,00214485235434956;-0,0114506024196461
"88";"Adrou-Augustopolis";"fort";"Adhruh";"settlement";0,0495449746090804;0,0356145251396648;-0,0139304494694156
"89";"Arindela";"settlement";"Arandal";"settlement";0;0,000448922585794094;0,000448922585794094
"90";"Tawilan";"site";"Khirbet an-Nawaflah";"settlement";0,00425360752174569;0,0229948124501197;0,018741204928374
"91";"Areopolis";"city";"Muab";"settlement";0,210618935089748;0,106095371109338;-0,104523563980411
"92";"Characmoba";"city";"Karak";"settlement";0,200653627633365;0,0927773343974461;-0,107876293235919
"93";"Mothous";"settlement";"Mutah";"settlement";0,191452561717532;0,0806065442936951;-0,110846017423837
"94";"Dibon";"settlement";"Dhiban";"settlement";0,218120569158832;0,125947725458899;-0,0921728436999329
"95";"Madaba";"city";"Madaba";"settlement";0,235406506108904;0,134976057462091;-0,100430448646813
"96";"Bostra";"city";"Busrah";"settlement";0,364000201116195;0,0982142857142857;-0,265785915401909
"97";"Umm el-Walid";"settlement";"Umm al-Walid";"settlement";0,0306400522902107;0;-0,0306400522902107
"98";"Castra Mefaa";"fort";"Umm ar-Rasas";"settlement";0,021720549047212;0,00488826815642458;-0,0168322808907874
"99";"Rujm el-Farideyyeh";"fort";"Khirbat adh-Dharih";"settlement";0,0930162401327367;0;-0,0930162401327367
"100";"Basienis";"fort";"Azraq";"settlement";1,00558097440796e-05;0,0511771747805267;0,0511671189707827
"101";"Tyre";"city";"Sur";"city";0,251505857509176;0,280875897845172;0,0293700403359957
"102";"Paneas-Caesarea Philippi";"city";"Banyas";"settlement";0,0414399919553522;0,00793096568236233;-0,0335090262729899
"103";"Gedru";"settlement";"Jidru";"settlement";0,241761777867163;0,244862330407023;0,00310055253986041
"104";"Sidon";"city";"Sayda";"city";0,256201920659661;0,272745411013567;0,0165434903539063
"105";"Soada-Dionysias";"city";"Suwayda";"settlement";0,3081100105586;0,0706304868316042;-0,237479523726996
"106";"Ad Nonum-Ornithon Polis";"station";"Jisr Abu Aswad";"bridge";0,240555080697873;0,273393854748603;0,0328387740507301
"107";"Gischala";"settlement";"Jish";"settlement";0,0102971491779376;0,00279329608938547;-0,00750385308855208
"108";"Mothana";"settlement";"al-Anak";"station";0,0038010960832621;0,0172585794094174;0,0134574833261553
"109";"Gerra";"fort";"Qasr Anjar";"fort";0,016411081502338;0,318236233040702;0,301825151538364
"110";"Beirut";"city";"Bayrut";"city";0,253768414701594;0,275538707102953;0,0217702924013591
"111";"Byblos";"city";"Jubayl";"city";0,181979988938609;0,270151636073424;0,0881716471348145
"112";"Tripolis";"city";"Atrabulus";"city";0,178098446377395;0,273343974461293;0,0952455280838984
"113";"Palaiabyblos";"settlement";"Maamaltayn bridge";"bridge";0,183106239629946;0,271648044692737;0,0885418050627912
"114";"Heliopolis";"city";"Baalbak";"settlement";0,0884307908894364;0,323772944932163;0,235342154042726
"115";"Arca-Caesarea ad Libanum";"city";"Arqa";"settlement";0,0717984815727286;0,120161612130886;0,0483631305581572
"116";"Triparadeisos";"settlement";"Jusiyah";"settlement";0,103625119412741;0,353651237031125;0,250026117618385
"117";"Emesa";"city";"Hims";"city";0,96105384886118;1;0,0389461511388205
"118";"Antarados-Constantia";"city";"Tartus";"settlement";0,0996027955151089;0,1655526735834;0,065949878068291
"119";"Balanea-Leukas";"city";"Bulunyas";"settlement";0,104932374679471;0,156025538707103;0,0510931640276319
"120";"Adarin";"station";"al-Qutayyifah";"settlement";0,856443260093519;0,89909217877095;0,0426489186774307
"121";"Casama";"station";"Nabk";"settlement";0,854281260998542;0,61836592178771;-0,235915339210832
"122";"Cara-Cehere";"settlement";"Qara";"settlement";0,853356126502087;0,60090782122905;-0,252448305273036
"123";"Danova";"settlement";"Sadad";"settlement";0,0361003569812459;0,0106245011971269;-0,025475855784119
"124";"Salamias";"settlement";"Salamiyah";"settlement";0,119221680325808;0,0585594573024741;-0,0606622230233342
"125";"Geroda";"station";"Jarud";"settlement";0,119885363768917;0,275139664804469;0,155254301035552
"126";"Nazala";"settlement";"Qaryatayn";"settlement";0,137432751772336;0,271448523543496;0,134015771771159
"127";"Arethousa";"settlement";"Rastan";"settlement";0,796882698979335;0,930167597765363;0,133284898786028
"128";"Hama-Epiphaneia";"city";"Hama";"city";0,793151993564282;0,925179569034318;0,132027575470036
"129";"Seriane";"settlement";"Ithriya";"place";0,110925637286943;0,11946328810854;0,00853765082159698
"130";"Resapha-Sergioupolis";"settlement";"Rusafah";"city";0,046467896827392;0,0759177972865124;0,0294499004591203
"131";"Avatha";"fort";"al-Bakhra";"fort";0;0,00104748603351955;0,00104748603351955
"132";"al-Basiri";"fort";"al-Basiri";"fort";0,0250691336919905;0,00952713487629689;-0,0155419988156937
"133";"Audattha";"settlement";"Rahba";"settlement";0,00230278043139424;0,051426576217079;0,0491237957856848
"134";"Gabala";"city";"Jabalah";"settlement";0,0926542309819498;0,149890263367917;0,0572360323859672
"135";"Laodicea";"city";"Ladhiqiya";"city";0,0899693297802806;0,129888268156425;0,039918938376144
"136";"Raphaneai";"city";"Rafaniyah";"settlement";0,0948061742671829;0,0436951316839585;-0,0511110425832244
"137";"Massyas";"settlement";"Hisn Masyad";"settlement";0,0853336014882598;0,0325219473264166;-0,0528116541618432
"138";"Larissa";"settlement";"Shayzar";"settlement";0,0868319171401277;0,0703312051077414;-0,0165007120323863
"139";"Apamea";"city";"Afamiya";"settlement";0,165538740007039;0,0843974461292897;-0,0811412938777493
"140";"Telmenissos";"station";"Tall Mannas";"settlement";0,704962542108703;0,844473264166002;0,139510722057298
"141";"Chalcis ad Belum";"city";"Qinnasrin";"city";0,703926793705063;0,86188148443735;0,157954690732287
"142";"Ad Orontem";"station";"Hisn as-Suwaydiya";"settlement";0,0188445874604052;0;-0,0188445874604052
"143";"Antiochia";"city";"Antakya";"city";0,133340037206496;0,1545790103751;0,0212389731686037
"144";"Gabboula";"settlement";"al-Jabbul";"settlement";0,0206244657851073;0,0611033519553073;0,0404788861701999
"145";"Beroia";"city";"Halab";"city";0,640615415556338;0,68086592178771;0,0402505062313718
"146";"Gephyra";"settlement";"Jisr al-Jadid";"bridge";0,0575795665946;0,0302773343974461;-0,0273022321971539
"147";"Athis-Neocaesarea";"settlement";"Qasirin";"settlement";0,0362511941274071;0,0672386272944932;0,0309874331670861
"148";"Barbalissus";"settlement";"Balis";"settlement";0,0503393835788627;0,166949321628093;0,11660993804923
"149";"Anasartha";"settlement";"Khunasira";"settlement";0,0801950827090352;0,104050279329609;0,0238551966205738
"150";"Tell Aarane";"settlement";"Tall Aran";"settlement";0,0324400422344009;0,065243415802075;0,0328033735676741
"151";"Batna";"city";"Buzaa";"settlement";0,119734526622756;0,313497605746209;0,193763079123453
"152";"Hierapolis-Bambyke";"city";"Manbij";"settlement";0,139494192769873;0,389714684756584;0,250220491986711
"153";"Litarba";"settlement";"al-Atharib";"settlement";0,0755995776559907;0,191141260973663;0,115541683317672
"154";"Imma";"settlement";"Imm";"settlement";0,0256925938961235;0,142956903431764;0,11726430953564
"155";"Bersera";"settlement";"as-Safira";"settlement";0,0852531550103072;0,0773144453312051;-0,0079387096791021
"156";"Qalaat Najm";"site";"Jisr Manbij";"settlement";0;0,0344672785315243;0,0344672785315243
"157";"Cyrrus";"city";"Qurus";"settlement";0,210407763085122;0,270949720670391;0,0605419575852686
"158";"Azaz";"settlement";"Azaz";"settlement";0,566443762884006;0,337390263367917;-0,229053499516089
"159";"Pagrae";"settlement";"Baghras";"settlement";0,102237417668058;0,116969273743017;0,014731856074959
"160";"Alexandria ad Issum";"city";"Iskandarunah";"settlement";0,0434712655236563;0;-0,0434712655236563
"161";"Nicopolis";"settlement";"Niqabulus";"settlement";0,0768867213032329;0,175778132482043;0,0988914111788102
"162";"Germanikeia";"city";"Marash";"settlement";0,0315450751671778;0,102055067837191;0,0705099926700129
"163";"Eirenopolis-Neronias";"settlement";"Haruniyah";"settlement";0;0;0
"164";"Adatha";"settlement";"al-Hadath";"settlement";0,0630800945246116;0,129988028731045;0,0669079342064339
"165";"Doliche";"city";"Duluk";"settlement";0,158871738146714;0,298333998403831;0,139462260257117
"166";"Zizoatra";"settlement";"Zibatra";"settlement";0,026135049524863;0,044842378292099;0,018707328767236
"167";"Melitene";"settlement";"Malatya";"settlement";0,0158680677761577;0,0362629688747007;0,020394901098543
"168";"Pordonnium";"station";"Hisn Mansur";"settlement";0,00374076122479763;0,00683359936153232;0,0030928381367347
"169";"Samosata";"city";"Sumaysat";"city";0,160802453617578;0,215682362330407;0,0548799087128295
"170";"Rhabaine";"settlement";"Raaban";"settlement";0,00484690029664639;0,00748204309656824;0,00263514279992185
"171";"Tharsa";"settlement";"Turush";"settlement";0,00786364321987028;0,226656025538707;0,218792382318837
"172";"Ağcin";"node";"Sanja Bridge";"bridge";0,0145608125094273;0,241819632881085;0,227258820371658
"173";"Nisus";"station";"Kaysum";"settlement";0,00056312534566846;0,000997605746209098;0,000434480400540638
"174";"Kara Su-Akbudak bridge";"bridge";"Akbudak bridge";"bridge";0,0717984815727286;0,289156025538707;0,217357543965978
"175";"Zeugma";"city";"Zeugma";"settlement";0,360329830559606;0,287061053471668;-0,0732687770879378
"176";"Birtha";"settlement";"al-Birah";"settlement";0,00109608326210468;0;-0,00109608326210468
"177";"Ad Zociandem";"settlement";"Nasibin as-Saghira";"settlement";0,311287646437729;0,0552174780526736;-0,256070168385056
"178";"Ariseria-Ad Serta";"station";"Tall Bashir";"settlement";0,313650761727588;0,025438946528332;-0,288211815199256
"179";"Ciliza-Urmagiganti";"settlement";"Kilis";"settlement";0,0150032681381668;0,000798084596967279;-0,0142051835411995
"180";"Ablastha";"settlement";"Ablastha";"settlement";0,0144300869827543;0;-0,0144300869827543
"181";"Arsameia";"settlement";"Karkar";"fort";0,0214389863743778;0,0336193136472466;0,0121803272728688
"182";"Edessa-Antiochia ad Callirhoem";"city";"Ruha";"city";0,00613404394388858;0;-0,00613404394388858
"183";"Batnae";"settlement";"Saruj";"settlement";0,011242395293881;0;-0,011242395293881
"184";"Umm Jilal";"settlement";"Tamna";"settlement";0,695178239227714;0,836691939345571;0,141513700117857
"185";"Galgulis";"settlement";"Jaljuliyah";"settlement";0,297450852229876;0;-0,297450852229876
"186";"Aere";"settlement";"Sanamayn";"settlement";0,0203931821609935;0;-0,0203931821609935
"187";"Cörten Tepesi";"settlement";"Sunyab";"settlement";0,16115440695862;0,259128092577813;0,0979736856191929
"188";"Tayyibat al-Imam";"settlement";"Sawwaran";"settlement";0,00587259289054251;0,842527932960894;0,836655340070351
"189";"Adada";"fort";"Sukhna";"settlement";0,0762934285283322;0,127543894652833;0,0512504661245009
"190";"Aracha";"fort";"Arak";"settlement";0,0828598722912162;0,130985634477255;0,0481257621860383
"191";"Iezreel";"settlement";"Zirin";"settlement";0,0549851676806275;0;-0,0549851676806275
"192";"el-Makhruq";"site";"Qarawat at-Tahta";"settlement";0,285363768917492;0,332003192338388;0,0466394234208958
"193";"Tilokbarina";"settlement";"Tall Aqibrin";"settlement";0,113690984966564;0,214734636871508;0,101043651904944
"194";"Moza-Kolonia";"settlement";"Qaluniya";"settlement";0,00697873196239127;0,0534217877094972;0,0464430557471059
"195";"Selebi";"settlement";"al-Qubab";"settlement";0,00528935592538589;0,0598064644852354;0,0545171085598495
"196";"Arulis";"settlement";"Arulis";"settlement";0,117974759917542;0,273743016759777;0,155768256842234
"197";"Teleda";"settlement";"Tall Ada";"settlement";0,0597516214993212;0,0359138068635275;-0,0238378146357937
"198";"Ain Dara";"settlement";"Ayn Dara";"settlement";0,046467896827392;0,0488826815642458;0,00241478473685378
"199";"Kale";"fort";"node_2";"node";0;0;0
"200";"Kubbe Tepe";"node";"node_3";"node";0,0178792297249736;0,00823024740622506;-0,00964898231874854
"201";"Claudiopolis";"settlement";"node_5";"node";0,000341897531298708;0,0175079808459697;0,017166083314671
"202";"Chabinas bridge";"bridge";"node_6";"node";0,0731359042686912;0,0395550678371907;-0,0335808364315005
"203";"Karakuş Tumulus";"site";"node_7";"node";0,0778621348484087;0,0561153232242618;-0,0217468116241469
"204";"Adiyaman east";"node";"node_8";"node";0,0136055105837398;0,0204010375099761;0,0067955269262363
"205";"Kersin";"node";"node_9";"node";0,111106641862336;0,102204708699122;-0,00890193316321385
"206";"Nastae";"station";"node_10";"node";0,0439036653426517;0,0615522745411014;0,0176486091984496
"207";"Octacuscum";"station";"node_11";"node";0,022595404494947;0,00783120510774142;-0,0147641993872055
"208";"Kerar Kale";"fort";"node_13";"node";0,014771984514053;0,000897845171588188;-0,0138741393424648
"209";"Lidar";"settlement";"node_14";"node";0,160370053798582;0,0344672785315243;-0,125902775267058
"210";"Elbistan West";"node";"node_15";"node";0;0;0
"211";"Hacimustafa";"node";"node_18";"node";0,0336668510231786;0,102553870710295;0,0688870196871166
"212";"Aliaria";"station";"node_19";"node";0,0561717532304289;0,134078212290503;0,0779064590600739
"213";"Zincirli";"node";"node_20";"node";0,0594298355875107;0,156025538707103;0,0965957031195923
"214";"Bağdınısağır";"node";"node_21";"node";0,0733772437025492;0,14580007980846;0,0724228361059105
"215";"Hasankoca";"node";"node_22";"node";0,083211825632259;0,187100957701516;0,103889132069257
"216";"Sicos Basilisses";"station";"node_23";"node";0,103182663784001;0,18420790103751;0,0810252372535088
"217";"Sarilar";"node";"node_24";"node";0,084086681079994;0,300628491620112;0,216541810540118
"218";"Yarimca bridge";"bridge";"node_25";"node";0,0196691638594198;0,0406025538707103;0,0209333900112905
"219";"Güngürge";"settlement";"node_26";"node";0,0248579616873649;0,065243415802075;0,0403854541147101
"220";"Bedirköy";"settlement";"node_27";"node";0,0431695912313339;0,11956304868316;0,0763934574518265
"221";"Günalti";"settlement";"node_29";"node";0,067293478807381;0,355097765363128;0,287804286555748
"222";"Abarara";"station";"node_30";"node";0,335059580672734;0,0355147645650439;-0,29954481610769
"223";"Deir Sawwan";"node";"node_31";"node";0,202966463874503;0,263567438148444;0,0606009742739403
"224";"Meleagrum";"settlement";"node_32";"node";0,0534164613605511;0,1908419792498;0,137425517889249
"225";"Şekerdere";"node";"node_33";"node";0,00684800643571824;0;-0,00684800643571824
"226";"Eragiza";"fort";"node_37";"node";0,0292121273065514;0,0881384676775738;0,0589263403710225
"227";"Thiltauri";"station";"node_39";"node";0,114998240233295;0,309457302474062;0,194459062240767
"228";"Blass";"node";"node_40";"node";0,0511237367389009;0,079060255387071;0,0279365186481701
"229";"Soura";"fort";"node_42";"node";0,0336366835939464;0,0701815642458101;0,0365448806518637
"230";"Bouqruss Foqani";"node";"node_45";"node";0,0187641409824526;0,0339185953711093;0,0151544543886567
"231";"Oriza";"fort";"node_46";"node";0,0793503946905325;0,151935355147646;0,0725849604571132
"232";"Acadama";"fort";"node_47";"node";0,00672733671878928;0,0365622505985634;0,0298349138797742
"233";"Occaraba";"fort";"node_48";"node";0,00897983810146312;0,169742617717478;0,160762779616015
"234";"Deleda";"settlement";"node_49";"node";0,87976268289004;0,601556264964086;-0,278206417925953
"235";"Juwaykhat";"node";"node_51";"node";0,0683895620694856;0,0295790103750998;-0,0388105516943859
"236";"Tell Sarin";"settlement";"node_52";"node";0,0758308612801046;0,165652434158021;0,0898215728779162
"237";"Simyra";"settlement";"node_55";"node";0,115832872442053;0,175129688747007;0,0592968163049538
"238";"Orthosia";"settlement";"node_56";"node";0,177967720850722;0,272446129289705;0,0944784084389832
"239";"Jisr esh-Shughur";"node";"node_58";"node";0,0630499270953793;0,0409517158818835;-0,0220982112134959
"240";"Tell Qarqur";"settlement";"node_59";"node";0,150143295288853;0,0849461292897047;-0,0651971659991484
"241";"Charandama";"settlement";"node_60";"node";0,125295389411232;0,147845171588188;0,022549782176956
"242";"Kassab";"site";"node_61";"node";0,0856654432098145;0,123353950518755;0,0376885073089405
"243";"el Hammam";"node";"node_62";"node";0,041289154809191;0,121458499600958;0,0801693447917667
"244";"Abila Lysaniou";"city";"node_63";"node";0,0247976268289004;0,0213487629688747;-0,0034488638600257
"245";"el-Zuq el-Foqani";"settlement";"node_66";"node";0,0444165116395998;0,328661213088587;0,284244701448988
"246";"Sde Eliezer";"node";"node_68";"node";0,0351148876263261;0,330157621707901;0,295042734081575
"247";"Tel Mashav";"settlement";"node_69";"node";0,0384232490321283;0,456404628890662;0,417981379858534
"248";"Ekdippa";"settlement";"node_70";"node";0,247563980089497;0,263218276137271;0,0156542960477739
"249";"Mashkanah";"settlement";"node_72";"node";0,0290009553019257;0,320381085395052;0,291380130093126
"250";"Khirbet Ladd";"site";"node_73";"node";0,0769168887324652;0,393455706304868;0,316538817572403
"251";"Bir el Abd";"settlement";"node_74";"node";0,321363567801297;0,434557063048683;0,113193495247386
"252";"Khirbet et-Tira";"settlement";"node_75";"node";0,0976921916637337;0,0626496408619314;-0,0350425508018024
"253";"Suf";"site";"node_76";"node";0,0141284126904319;0,0253391859537111;0,0112107732632792
"254";"Yadudeh";"settlement";"node_78";"node";0,293609532907637;0,309307661612131;0,0156981287044936
"255";"Bethelea";"settlement";"node_83";"node";0,161124239529388;0,0904329608938547;-0,0706912786355333
"256";"Yeruham";"site";"node_86";"node";0,00638543918749057;0,0371608140462889;0,0307753748587983
"257";"Site 477";"site";"node_87";"node";0,024626678063251;0,0253890662410215;0,000762388177770506
"258";"Rujm el-Hamiri";"fort";"node_88";"node";0,220232289205088;0,0779130087789306;-0,142319280426158
"259";"En Boqeq";"fort";"node_89";"node";0,0265775051536025;0,172436153232243;0,14585864807864
"260";"En Thamar";"station";"node_90";"node";0,0290110111116698;0,176177174780527;0,147166163668857
"261";"Praesidium";"fort";"node_91";"node";0,0519080898989391;0,166101356743815;0,114193266844876
"262";"Toloha";"fort";"node_92";"node";0,0240534969078385;0,120909816440543;0,0968563195327042
"263";"Ziza";"settlement";"node_97";"node";0,0349037156217004;0,109487230646449;0,0745835150247481
"264";"el-Hashimiyya";"site";"node_99";"node";0,180210166423651;0,0786113328012769;-0,101598833622374
"265";"Dhat Ras";"settlement";"node_100";"node";0,118537885263211;0,0517757382282522;-0,0667621470349586
"266";"Abu el-Lisan";"settlement";"node_102";"node";0,020584242546131;0,0186552274541101;-0,00192901509202089
"267";"Tel Dover";"settlement";"node_105";"node";0,558348836040022;0,387519952114924;-0,170828883925098
"268";"Jisr el-Majami";"bridge";"node_106";"node";0,573784503997184;0,400638467677574;-0,173146036319611
"269";"Sama";"site";"node_107";"node";0,0537281914626175;0,0719772545889864;0,0182490631263689
"270";"Deir el-Kahf";"fort";"node_108";"node";0,000261451053346071;0;-0,000261451053346071
"271";"Tell Salihiyyeh";"settlement";"node_109";"node";0,0581929709889889;0,150837988826816;0,0926450178378268
"272";"Fıstıklıdağ";"site";"node_111";"node";0,0520589270451003;0,271598164405427;0,219539237360327
